{
  "gregtech:low_voltage/27_electric_blast_furnace": {
    "criteria": {
      "location": "2022-04-22 14:59:55 -0600"
    },
    "done": true
  },
  "gregtech:ludicrous_voltage/60_fusion": {
    "criteria": {
      "location": "2022-04-22 15:06:01 -0600"
    },
    "done": true
  },
  "minecraft:recipes/decorations/chest": {
    "criteria": {
      "has_lots_of_items": "2022-04-22 15:01:29 -0600"
    },
    "done": true
  },
  "tfc:main/root": {
    "criteria": {
      "in-game": "2022-04-22 14:54:40 -0600"
    },
    "done": true
  },
  "tfc:main/pick_rock": {
    "criteria": {
      "quartzite": "2022-04-22 14:54:40 -0600"
    },
    "done": true
  },
  "tfc:world/geologist": {
    "criteria": {
      "quartzite": "2022-04-22 14:54:40 -0600"
    },
    "done": false
  }
}